{"cameraMode":{"drawMode":0,"name":"Shaded","section":"Shading Mode"},"sceneLighting":true,"audioPlay":false,"sceneViewState":{"m_AlwaysRefresh":false,"showFog":true,"showSkybox":true,"showFlares":true,"showImageEffects":true,"showParticleSystems":true,"showVisualEffectGraphs":true,"m_FxEnabled":true},"in2DMode":false,"pivot":{"x":-1.2450896501541138,"y":39.23236846923828,"z":-21.220073699951173},"rotation":{"x":0.18373461067676545,"y":0.01621154323220253,"z":-0.0030297781340777876,"w":0.9828364849090576},"size":20.11227035522461,"orthographic":false}